day,survival,cumulative_repurchase,n_at_risk,events,cluster
0,1.0,0.0,133164,0,0
4,0.9999924904628879,7.509537112149189e-06,133164,1,0
6,0.9999774713886636,2.2528611336447568e-05,133163,2,0
7,0.9999324141659908,6.758583400923168e-05,133161,6,0
8,0.9999173950917666,8.260490823341904e-05,133155,2,0
9,0.9999098855546544,9.011444534556823e-05,133153,1,0
10,0.9998948664804301,0.00010513351956986661,133152,2,0
11,0.9998723378690937,0.00012766213090631418,133150,3,0
12,0.9998422997206452,0.0001577002793547999,133147,4,0
13,0.9998122615721966,0.00018773842780339667,133143,4,0
14,0.9997296566639631,0.00027034333603692673,133139,11,0
15,0.9996620708299538,0.0003379291700461584,133128,9,0
16,0.9996095040701689,0.0003904959298310917,133119,7,0
17,0.9995193896248233,0.00048061037517665994,133112,12,0
18,0.999444294253702,0.0005557057462980408,133100,10,0
19,0.999391727493917,0.0006082725060829741,133090,7,0
20,0.9993091225856835,0.0006908774143165042,133083,11,0
21,0.9991814604547773,0.0008185395452227073,133072,17,0
22,0.9990838364723196,0.0009161635276804247,133055,13,0
23,0.9990387792496468,0.0009612207503532089,133042,6,0
24,0.9989787029527498,0.0010212970472501803,133036,8,0
25,0.998933645730077,0.0010663542699229644,133028,6,0
26,0.9988510408218436,0.0011489591781563835,133022,11,0
27,0.9987233786909373,0.0012766213090626977,133011,17,0
28,0.998543149800246,0.0014568501997539451,132994,24,0
29,0.998370430446667,0.0016295695533330434,132970,23,0
30,0.9982277492415365,0.001772250758463545,132947,19,0
31,0.9980775584992938,0.0019224415007061957,132928,20,0
32,0.9978898200714905,0.0021101799285094813,132908,25,0
33,0.9977546484034722,0.0022453515965278337,132883,18,0
34,0.997626986272566,0.002373013727434037,132865,17,0
35,0.9974242287705384,0.002575771229461621,132848,27,0
36,0.9973040761767442,0.002695923823255786,132821,16,0
37,0.9971989426571743,0.0028010573428256524,132805,14,0
38,0.9970862996004924,0.002913700399507557,132791,15,0
39,0.9969135802469135,0.0030864197530865445,132776,23,0
40,0.9968009371902314,0.0031990628097685603,132753,15,0
41,0.9966432369108766,0.00335676308912336,132738,21,0
42,0.9964780270944097,0.0035219729055903093,132717,22,0
43,0.996327836352167,0.00367216364783296,132695,20,0
44,0.9961476074614759,0.0038523925385240965,132675,24,0
45,0.9960499834790182,0.003950016520981814,132651,13,0
46,0.9958997927367755,0.004100207263224465,132638,20,0
47,0.9957796401429814,0.00422035985701863,132618,16,0
48,0.995697035234748,0.004302964765252049,132602,11,0
49,0.9955693731038417,0.004430626896158252,132591,17,0
50,0.9954191823615991,0.0045808176384009025,132574,20,0
51,0.9952840106935807,0.004715989306419255,132554,18,0
52,0.9951112913400018,0.004888708659998242,132536,23,0
53,0.9949160433750862,0.005083956624913788,132513,26,0
54,0.9947283049472829,0.005271695052717074,132487,25,0
55,0.9945330569823675,0.0054669430176325085,132462,26,0
56,0.994277732720555,0.005722267279445026,132436,34,0
57,0.9940749752185274,0.00592502478147261,132402,27,0
58,0.9938947463278363,0.006105253672163746,132375,24,0
59,0.9936844792886965,0.0063155207113034795,132351,28,0
60,0.993481721786669,0.0065182782133309525,132323,27,0
61,0.9932864738217536,0.006713526178246387,132296,26,0
62,0.9931137544681746,0.006886245531825375,132270,23,0
63,0.9929185065032592,0.007081493496740809,132247,26,0
64,0.992790844372353,0.0072091556276470126,132221,17,0
65,0.9926031059445496,0.007396894055450409,132204,25,0
66,0.9924529152023069,0.00754708479769306,132179,20,0
67,0.9922576672373915,0.007742332762608495,132159,26,0
68,0.992054909735364,0.007945090264635968,132133,27,0
69,0.9918896999188972,0.008110300081102806,132106,22,0
70,0.9916493947313089,0.008350605268691136,132084,32,0
71,0.9914691658406177,0.008530834159382272,132052,24,0
72,0.991258898801478,0.008741101198522006,132028,28,0
73,0.9911011985221232,0.008898801477876805,132000,21,0
74,0.9908909314829835,0.009109068517016539,131979,28,0
75,0.9907182121294045,0.009281787870595526,131951,23,0
76,0.9905454927758254,0.009454507224174624,131928,23,0
77,0.9902901685140129,0.009709831485987142,131905,34,0
78,0.9900723919377611,0.009927608062238913,131871,29,0
79,0.989847105824397,0.010152894175602944,131842,30,0
80,0.989614310173921,0.010385689826079014,131812,31,0
81,0.9894040431347813,0.010595956865218747,131781,28,0
82,0.989163737947193,0.010836262052806966,131753,32,0
83,0.9889159232224927,0.011084076777507335,131721,33,0
84,0.9886681084977923,0.011331891502207703,131688,33,0
85,0.9885704845153346,0.01142951548466542,131655,13,0
86,0.9883451984019705,0.011654801598029452,131642,30,0
87,0.9881499504370551,0.011850049562944887,131612,26,0
88,0.9878946261752426,0.012105373824757404,131586,34,0
89,0.9877143972845513,0.012285602715448651,131552,24,0
90,0.9874590730227388,0.012540926977261169,131528,34,0
91,0.9872112582980385,0.012788741701961537,131494,33,0
92,0.9869334054248895,0.013066594575110502,131461,37,0
93,0.9867381574599741,0.013261842540025937,131424,26,0
94,0.9864603045868251,0.013539695413174901,131398,37,0
95,0.9861599231023398,0.013840076897660203,131361,40,0
96,0.9859196179147516,0.014080382085248422,131321,32,0
97,0.9856192364302663,0.014380763569733723,131289,40,0
98,0.985266288185996,0.014733711814003958,131249,47,0
99,0.9850184734612957,0.014981526538704326,131202,33,0
100,0.9848833017932773,0.015116698206722678,131169,18,0
101,0.9846880538283619,0.015311946171638113,131151,26,0
102,0.9845453726232314,0.015454627376768615,131125,19,0
103,0.9843426151212038,0.0156573848787962,131106,27,0
104,0.9839821573398215,0.016017842660178472,131079,48,0
105,0.9837718903006818,0.016228109699318205,131031,28,0
106,0.9835766423357664,0.01642335766423364,131003,26,0
107,0.9833363371481781,0.01666366285182186,130977,32,0
108,0.983103541497702,0.01689645850229804,130945,31,0
109,0.9828331981616651,0.017166801838334855,130914,36,0
110,0.9826754978823103,0.017324502117689655,130878,21,0
111,0.9823676068607129,0.017632393139287106,130857,41,0
112,0.9820822444504519,0.01791775554954811,130816,38,0
113,0.9817743534288544,0.01822564657114556,130778,41,0
114,0.9814439337959207,0.018556066204079347,130737,44,0
115,0.981128533237211,0.018871466762788947,130693,42,0
116,0.9808131326785015,0.019186867321498546,130651,42,0
117,0.9805127511940162,0.019487248805983848,130609,40,0
118,0.9802649364693158,0.019735063530684216,130569,33,0
119,0.9800021026703911,0.019997897329608882,130536,35,0
120,0.9797542879456907,0.02024571205430925,130501,33,0
121,0.9794614159983176,0.020538584001682403,130468,39,0
122,0.9792211108107294,0.020778889189270622,130429,32,0
123,0.9789132197891319,0.021086780210868072,130397,41,0
124,0.9786203478417588,0.021379652158241225,130356,39,0
125,0.9783274758943856,0.021672524105614377,130317,39,0
126,0.978004565798564,0.021995434201436015,130278,43,0
127,0.9776591270914059,0.0223408729085941,130235,46,0
128,0.977493917274939,0.02250608272506105,130189,22,0
129,0.9772010453275658,0.022798954672434202,130167,39,0
130,0.976870625694632,0.02312937430536799,130128,44,0
131,0.9765552251359224,0.02344477486407759,130084,42,0
132,0.9762097864287643,0.023790213571235674,130042,46,0
133,0.9757817428133727,0.02421825718662729,129996,57,0
134,0.9754363041062146,0.024563695893785376,129939,46,0
135,0.9751133940103929,0.024886605989607125,129893,43,0
136,0.9748655792856925,0.025134420714307493,129850,33,0
137,0.9746177645609921,0.02538223543900786,129817,33,0
138,0.9743173830765068,0.025682616923493162,129784,40,0
139,0.9739193776095638,0.02608062239043618,129744,53,0
140,0.9736265056621907,0.026373494337809333,129691,39,0
141,0.9733186146405933,0.026681385359406673,129652,41,0
142,0.9730858189901173,0.026914181009882743,129611,31,0
143,0.9728605328767532,0.027139467123246774,129580,30,0
144,0.9726352467633893,0.027364753236610695,129550,30,0
145,0.9723649034273525,0.02763509657264751,129520,36,0
146,0.972049502868643,0.027950497131357,129484,42,0
147,0.9716590069388121,0.02834099306118787,129442,52,0
148,0.9713736445285511,0.028626355471448872,129390,38,0
149,0.9710882821182901,0.028911717881709875,129352,38,0
150,0.9708329578564776,0.029167042143522393,129314,34,0
151,0.9705926526688894,0.02940734733111061,129280,32,0
152,0.9702847616472919,0.029715238352708062,129248,41,0
153,0.9698116608092275,0.030188339190772462,129207,63,0
154,0.9694512030278452,0.030548796972154846,129144,48,0
155,0.9691508215433599,0.030849178456640147,129096,40,0
156,0.9688354209846503,0.031164579015349747,129056,42,0
157,0.9684599441290436,0.03154005587095643,129014,50,0
158,0.9681445435703341,0.03185545642966592,128964,42,0
159,0.9678291430116245,0.03217085698837552,128922,42,0
160,0.9674987233786907,0.032501276621309305,128880,44,0
161,0.9672133609684297,0.03278663903157031,128836,38,0
162,0.9668078459643745,0.033192154035625476,128798,54,0
163,0.9663798023489829,0.03362019765101709,128744,57,0
164,0.9660794208644976,0.03392057913550239,128687,40,0
165,0.9658691538253579,0.03413084617464213,128647,28,0
166,0.9655687723408726,0.03443122765912743,128619,40,0
167,0.9651857859481537,0.03481421405184626,128579,51,0
168,0.9649004235378927,0.03509957646210726,128528,38,0
169,0.9646225706647438,0.03537742933525623,128490,37,0
170,0.9643071701060342,0.03569282989396583,128453,42,0
171,0.9639392027875396,0.03606079721246036,128411,49,0
172,0.9635937640803816,0.036406235919618446,128362,46,0
173,0.963278363521672,0.036721636478328046,128316,42,0
174,0.9629629629629624,0.037037037037037646,128274,42,0
175,0.9625424288846829,0.03745757111531711,128232,56,0
176,0.962204499714637,0.03779550028536305,128176,45,0
177,0.9619191373043758,0.03808086269562416,128131,38,0
178,0.9616187558198905,0.038381244180109464,128093,40,0
179,0.9613033552611809,0.038696644738819064,128053,42,0
180,0.9609053497942379,0.03909465020576208,128011,53,0
181,0.9605899492355283,0.03941005076447168,127958,42,0
182,0.9602144723799217,0.039785527620078254,127916,50,0
183,0.9599216004325486,0.040078399567451406,127866,39,0
184,0.9597263524676332,0.04027364753236684,127827,26,0
185,0.9594259709831479,0.04057402901685214,127801,40,0
186,0.9591030608873261,0.04089693911267389,127761,43,0
187,0.958817698477065,0.041182301522935005,127718,38,0
188,0.9585248265296918,0.04147517347030816,127680,39,0
189,0.9581944068967579,0.041805593103242056,127641,44,0
190,0.9578714968009362,0.042128503199063805,127597,43,0
191,0.9575560962422266,0.042443903757773405,127554,42,0
192,0.9572857529061898,0.04271424709381022,127512,36,0
193,0.9569853714217045,0.04301462857829552,127476,40,0
194,0.956669970862995,0.04333002913700501,127436,42,0
195,0.9563395512300612,0.0436604487699388,127394,44,0
196,0.956046679282688,0.04395332071731195,127350,39,0
197,0.9555961070559601,0.0444038929440399,127311,60,0
198,0.9554008590910447,0.04459914090895534,127251,26,0
199,0.9550554203838866,0.04494457961611342,127225,46,0
200,0.9547925865849619,0.04520741341503809,127179,35,0
201,0.9544471478778038,0.045552852122196175,127144,46,0
202,0.9541017091706457,0.04589829082935426,127098,46,0
203,0.9537412513892634,0.046258748610736644,127052,48,0
204,0.9533958126821053,0.04660418731789473,127004,46,0
205,0.9530879216605078,0.04691207833949218,126958,41,0
206,0.9527950497131347,0.04720495028686533,126917,39,0
207,0.9524646300802008,0.04753536991979923,126878,44,0
208,0.9522243248926126,0.04777567510738745,126834,32,0
209,0.9518863957225666,0.048113604277433386,126802,45,0
210,0.9515935237751934,0.04840647622480665,126757,39,0
211,0.9512631041422596,0.04873689585774044,126718,44,0
212,0.9510152894175592,0.048984710582440805,126674,33,0
213,0.9507900033041953,0.049209996695804725,126641,30,0
214,0.9505572076537192,0.049442792346280795,126611,31,0
215,0.9502418070950097,0.049758192904990284,126580,42,0
216,0.9499339160734123,0.050066083926587734,126538,41,0
217,0.9497236490342726,0.05027635096572736,126497,28,0
218,0.9494908533837966,0.050509146616203426,126469,31,0
219,0.9492355291219841,0.050764470878015944,126438,34,0
220,0.9489651857859472,0.05103481421405276,126404,36,0
221,0.9486873329127984,0.05131266708720161,126368,37,0
222,0.9483719323540888,0.05162806764591121,126331,42,0
223,0.9480940794809399,0.05190592051906007,126289,37,0
224,0.9478537742933517,0.052146225706648286,126252,32,0
225,0.9475609023459786,0.05243909765402144,126220,39,0
226,0.9473281066955024,0.05267189330449762,126181,31,0
227,0.9470953110450262,0.0529046889549738,126150,31,0
228,0.9468099486347652,0.0531900513652348,126119,38,0
229,0.9465996815956255,0.053400318404374536,126081,28,0
230,0.9462392238142431,0.05376077618575692,126053,48,0
231,0.9459313327926456,0.05406866720735437,126005,41,0
232,0.9456384608452725,0.05436153915472752,125964,39,0
233,0.9453906461205721,0.05460935387942789,125925,33,0
234,0.945157850470096,0.05484214952990396,125892,31,0
235,0.9448799975969471,0.055120002403052926,125861,37,0
236,0.9445946351866861,0.05540536481331393,125824,38,0
237,0.9443543299990979,0.05564567000090215,125786,32,0
238,0.9440314199032762,0.055968580096723786,125754,43,0
239,0.9437836051785758,0.056216394821424154,125711,33,0
240,0.9435207713796512,0.05647922862034882,125678,35,0
241,0.9432954852662873,0.05670451473371274,125643,30,0
242,0.9430476705415869,0.05695232945841311,125613,33,0
243,0.9427848367426622,0.057215163257337776,125580,35,0
244,0.9424994743324011,0.05750052566759889,125545,38,0
245,0.9421765642365794,0.05782343576342064,125507,43,0
246,0.9419437685861033,0.05805623141389671,125464,31,0
247,0.9417184824727394,0.05828151752726063,125433,30,0
248,0.9414856868222632,0.05851431317773681,125403,31,0
249,0.9412153434862265,0.058784656513773514,125372,36,0
250,0.9409900573728625,0.059009942627137546,125336,30,0
251,0.9407122044997135,0.05928779550028651,125306,37,0
252,0.940404313478116,0.05959568652188396,125269,41,0
253,0.9401339701420793,0.059866029857920666,125228,36,0
254,0.9399387221771639,0.0600612778228361,125192,26,0
255,0.9396683788411271,0.06033162115887292,125166,36,0
256,0.9393905259679782,0.06060947403202177,125130,37,0
257,0.9391652398546143,0.06083476014538569,125093,30,0
258,0.9388723679072412,0.06112763209275884,125063,39,0
259,0.9384743624402981,0.06152563755970186,125024,53,0
260,0.9382490763269342,0.06175092367306578,124971,30,0
261,0.9380388092877945,0.061961190712205516,124941,28,0
262,0.9377759754888698,0.06222402451113018,124913,35,0
263,0.9375356703012816,0.0624643296987184,124878,32,0
264,0.9372503078910205,0.06274969210897952,124846,38,0
265,0.936942416869423,0.06305758313057697,124808,41,0
266,0.9366946021447227,0.06330539785527733,124767,33,0
267,0.9362965966777796,0.06370340332222035,124734,53,0
268,0.9360713105644156,0.06392868943558438,124681,30,0
269,0.9357559100057061,0.06424408999429387,124651,42,0
270,0.935463038058333,0.06453696194166703,124609,39,0
271,0.9351100898140627,0.06488991018593726,124570,47,0
272,0.9348097083295774,0.06519029167042256,124523,40,0
273,0.9344342314739709,0.06556576852602913,124483,50,0
274,0.9341713976750463,0.06582860232495369,124433,35,0
275,0.9338409780421124,0.06615902195788759,124398,44,0
276,0.933593163317412,0.06640683668258796,124354,33,0
277,0.9333678772040481,0.06663212279595188,124321,30,0
278,0.9331425910906841,0.06685740890931591,124291,30,0
279,0.9328347000690866,0.06716529993091336,124261,41,0
280,0.9325568471959377,0.06744315280406232,124220,37,0
281,0.9322714847856767,0.06772851521432333,124183,38,0
282,0.9320537082094248,0.06794629179057521,124145,29,0
283,0.9318359316331729,0.06816406836682709,124116,29,0
284,0.931610645519809,0.06838935448019101,124087,30,0
285,0.9313853594064451,0.06861464059355493,124057,30,0
286,0.9311675828301932,0.06883241716980681,124027,29,0
287,0.9308972394941564,0.06910276050584363,123998,36,0
288,0.9305818389354468,0.06941816106455323,123962,42,0
289,0.9303039860622979,0.06969601393770208,123920,37,0
290,0.9300561713375975,0.06994382866240245,123883,33,0
291,0.929800847075785,0.07019915292421497,123850,34,0
292,0.929455408368627,0.07054459163137305,123816,46,0
293,0.929117479198581,0.07088252080141899,123770,45,0
294,0.9287420023429744,0.07125799765702556,123725,50,0
295,0.9284791685440498,0.07152083145595023,123675,35,0
296,0.9282238442822373,0.07177615571776275,123640,34,0
297,0.9278934246493035,0.07210657535069653,123606,44,0
298,0.9276080622390424,0.07239193776095765,123562,38,0
299,0.9274128142741269,0.07258718572587308,123524,26,0
300,0.9270823946411931,0.07291760535880687,123498,44,0
301,0.92678952269382,0.07321047730618002,123454,39,0
302,0.9264741221351104,0.07352587786488962,123415,42,0
303,0.9261737406506251,0.07382625934937492,123373,40,0
304,0.9258733591661398,0.07412664083386022,123333,40,0
305,0.9256706016641123,0.0743293983358877,123293,27,0
306,0.9253852392538513,0.0746147607461487,123266,38,0
307,0.9251299149920388,0.07487008500796122,123228,34,0
308,0.9247694572106564,0.0752305427893436,123194,48,0
309,0.9244840948003953,0.07551590519960472,123146,38,0
310,0.92418371331591,0.07581628668409002,123108,40,0
311,0.9239434081283218,0.07605659187167824,123068,32,0
312,0.9237256315520699,0.07627436844793012,123036,29,0
313,0.9235078549758181,0.07649214502418189,123007,29,0
314,0.9232600402511177,0.07673995974888226,122978,33,0
315,0.9229221110810718,0.0770778889189282,122945,45,0
316,0.9225841819110259,0.07741581808897413,122900,45,0
317,0.9222913099636527,0.07770869003634728,122855,39,0
318,0.9220510047760644,0.07794899522393561,122816,32,0
319,0.9216529993091214,0.07834700069087863,122784,53,0
320,0.9213451082875239,0.07865489171247608,122731,41,0
321,0.9210747649514871,0.0789252350485129,122690,36,0
322,0.9207143071701047,0.07928569282989528,122654,48,0
323,0.9204740019825165,0.0795259980174835,122606,32,0
324,0.9201961491093676,0.07980385089063236,122574,37,0
325,0.919820672253761,0.08017932774623904,122537,50,0
326,0.9196254242888455,0.08037457571115447,122487,26,0
327,0.9193550809528087,0.08064491904719129,122461,36,0
328,0.9190096422456506,0.08099035775434937,122425,46,0
329,0.9186642035384925,0.08133579646150746,122379,46,0
330,0.9183713315911194,0.08162866840888061,122333,39,0
331,0.918123516866419,0.08187648313358098,122294,33,0
332,0.917898230753055,0.08210176924694501,122261,30,0
333,0.9174551680634392,0.08254483193656081,122231,59,0
334,0.9171322579676175,0.08286774203238245,122172,43,0
335,0.9168919527800293,0.08310804721997067,122129,32,0
336,0.9166216094439925,0.08337839055600749,122097,36,0
337,0.9163437565708437,0.08365624342915634,122061,37,0
338,0.916020846475022,0.08397915352497798,122024,43,0
339,0.9157505031389853,0.08424949686101468,121981,36,0
340,0.9153750262833787,0.08462497371662125,121945,50,0
341,0.9150821543360056,0.0849178456639944,121895,39,0
342,0.9146841488690626,0.08531585113093743,121856,53,0
343,0.9142711243278954,0.08572887567210463,121803,55,0
344,0.9139557237691859,0.08604427623081412,121748,42,0
345,0.9136478327475884,0.08635216725241157,121706,41,0
346,0.9133774894115516,0.08662251058844839,121665,36,0
347,0.9130545793157299,0.08694542068427014,121629,43,0
348,0.9125964975518899,0.08740350244811013,121586,61,0
349,0.9122510588447318,0.08774894115526821,121525,46,0
350,0.9118305247664524,0.08816947523354757,121479,56,0
351,0.9114475383737336,0.0885524616262664,121423,51,0
352,0.9109669279985572,0.08903307200144284,121372,64,0
353,0.9105839416058383,0.08941605839416167,121308,51,0
354,0.9101934456760075,0.08980655432399254,121257,52,0
355,0.9096752876152703,0.09032471238472972,121205,69,0
356,0.9091796581658695,0.09082034183413046,121136,66,0
357,0.9085488570484503,0.09145114295154966,121070,84,0
358,0.9081133038959467,0.09188669610405331,120986,58,0
359,0.9076402030578823,0.09235979694211771,120928,63,0
360,0.9072346880538272,0.09276531194617277,120865,54,0
361,0.9067615872157628,0.09323841278423717,120811,63,0
362,0.9062509386921379,0.09374906130786209,120748,68,0
363,0.9055976089633824,0.09440239103661763,120680,87,0
364,0.9049442792346268,0.09505572076537316,120593,87,0
365,0.9042984590429834,0.09570154095701655,120506,86,0
0,1.0,0.0,7995,0,1
4,0.9998749218261413,0.0001250781738586504,7995,1,1
8,0.9997498436522827,0.0002501563477173008,7994,1,1
13,0.999624765478424,0.00037523452157595116,7993,1,1
14,0.9993746091307067,0.0006253908692932519,7992,2,1
17,0.999249530956848,0.0007504690431520133,7990,1,1
18,0.9991244527829893,0.0008755472170106637,7989,1,1
19,0.9989993746091307,0.0010006253908693141,7988,1,1
22,0.998874296435272,0.0011257035647279645,7987,1,1
23,0.9987492182614134,0.001250781738586615,7986,1,1
25,0.9986241400875547,0.0013758599124452653,7985,1,1
27,0.9984990619136961,0.0015009380863039157,7984,1,1
28,0.9983739837398374,0.001626016260162566,7983,1,1
30,0.9982489055659788,0.0017510944340212165,7982,1,1
31,0.9979987492182615,0.0020012507817385172,7981,2,1
32,0.9976235146966854,0.0023764853033145794,7979,3,1
35,0.9974984365228268,0.00250156347717323,7976,1,1
36,0.9972482801751095,0.0027517198248905306,7975,2,1
37,0.9971232020012508,0.002876797998749181,7973,1,1
38,0.9969981238273922,0.0030018761726078314,7972,1,1
39,0.9968730456535335,0.0031269543464664817,7971,1,1
40,0.9967479674796749,0.003252032520325132,7970,1,1
42,0.9964978111319576,0.003502188868042433,7969,2,1
43,0.9963727329580988,0.0036272670419011943,7967,1,1
44,0.9962476547842402,0.0037523452157598447,7966,1,1
46,0.9958724202626642,0.004127579737335796,7965,3,1
47,0.9957473420888056,0.004252657911194446,7962,1,1
48,0.9956222639149469,0.004377736085053097,7961,1,1
49,0.9953721075672296,0.004627892432770397,7960,2,1
50,0.995247029393371,0.004752970606629048,7958,1,1
51,0.9951219512195123,0.004878048780487698,7957,1,1
52,0.994871794871795,0.005128205128204999,7956,2,1
54,0.9947467166979364,0.005253283302063649,7954,1,1
55,0.9946216385240777,0.0053783614759223,7953,1,1
56,0.9943714821763604,0.0056285178236396005,7952,2,1
58,0.9938711694809257,0.006128830519074313,7950,4,1
59,0.9936210131332084,0.006378986866791614,7946,2,1
61,0.9933708567854911,0.006629143214508915,7944,2,1
62,0.9928705440900565,0.007129455909943516,7942,4,1
63,0.9922451532207632,0.007754846779236768,7938,5,1
64,0.9919949968730458,0.00800500312695418,7933,2,1
66,0.9918699186991872,0.00813008130081283,7931,1,1
67,0.9917448405253285,0.00825515947467148,7930,1,1
68,0.9916197623514699,0.008380237648530131,7929,1,1
69,0.9914946841776112,0.008505315822388781,7928,1,1
70,0.9912445278298939,0.008755472170106082,7927,2,1
71,0.9911194496560353,0.008880550343964733,7925,1,1
72,0.9909943714821766,0.009005628517823383,7924,1,1
73,0.990869293308318,0.009130706691682033,7923,1,1
75,0.9907442151344593,0.009255784865540684,7922,1,1
76,0.9906191369606007,0.009380863039399334,7921,1,1
80,0.990494058786742,0.009505941213257985,7920,1,1
82,0.9902439024390246,0.009756097560975396,7919,2,1
83,0.9899937460913073,0.010006253908692697,7917,2,1
84,0.9896185115697314,0.010381488430268648,7915,3,1
85,0.989368355222014,0.010631644777985949,7912,2,1
86,0.988617886178862,0.011382113821137962,7910,6,1
87,0.9883677298311447,0.011632270168855263,7904,2,1
89,0.9881175734834274,0.011882426516572564,7902,2,1
90,0.9878674171357101,0.012132582864289865,7900,2,1
91,0.9876172607879928,0.012382739212007166,7898,2,1
92,0.9872420262664169,0.012757973733583117,7896,3,1
93,0.9868667917448409,0.013133208255159068,7893,3,1
94,0.9866166353971235,0.01338336460287648,7890,2,1
95,0.9863664790494062,0.01363352095059378,7888,2,1
96,0.9859912445278302,0.014008755472169843,7886,3,1
97,0.9853658536585368,0.014634146341463206,7883,5,1
100,0.9849906191369608,0.015009380863039157,7878,3,1
101,0.9848655409631022,0.015134459036897807,7875,1,1
103,0.9846153846153848,0.015384615384615219,7874,2,1
104,0.9841150719199502,0.01588492808004982,7872,4,1
105,0.9839899937460915,0.01601000625390847,7868,1,1
106,0.9837398373983742,0.01626016260162577,7867,2,1
107,0.9836147592245156,0.016385240775484422,7865,1,1
109,0.9834896810506569,0.016510318949343072,7864,1,1
110,0.983114446529081,0.016885553470919024,7863,3,1
111,0.982739212007505,0.017260787992494975,7860,3,1
112,0.981988742964353,0.018011257035646988,7857,6,1
113,0.9818636647904944,0.01813633520950564,7851,1,1
114,0.9814884302689184,0.01851156973108159,7850,3,1
115,0.9807379612257664,0.019262038774233603,7847,6,1
117,0.9801125703564731,0.019887429643526855,7841,5,1
118,0.9799874921826145,0.020012507817385505,7836,1,1
119,0.9798624140087558,0.020137585991244156,7835,1,1
120,0.9793621013133212,0.020637898686678757,7834,4,1
121,0.9792370231394626,0.020762976860537408,7830,1,1
122,0.9791119449656039,0.020888055034396058,7829,1,1
123,0.9789868667917453,0.02101313320825471,7828,1,1
124,0.978736710444028,0.02126328955597201,7827,2,1
125,0.9784865540963107,0.02151344590368931,7825,2,1
126,0.978361475922452,0.02163852407754796,7823,1,1
127,0.9778611632270174,0.022138836772982562,7822,4,1
128,0.9777360850531588,0.022263914946841212,7818,1,1
129,0.9774859287054415,0.022514071294558513,7817,2,1
132,0.9771106941838655,0.022889305816134464,7815,3,1
133,0.9763602251407135,0.023639774859286478,7812,6,1
134,0.9758599124452788,0.02414008755472119,7806,4,1
136,0.9753595997498441,0.024640400250155903,7802,4,1
137,0.9748592870544094,0.025140712945590615,7798,4,1
138,0.9744840525328334,0.025515947467166566,7794,3,1
139,0.9743589743589748,0.025641025641025217,7791,1,1
140,0.9737335834896815,0.02626641651031847,7790,5,1
141,0.9734834271419642,0.02651657285803577,7785,2,1
142,0.9729831144465296,0.02701688555347037,7783,4,1
143,0.9723577235772364,0.027642276422763623,7779,5,1
144,0.9722326454033777,0.027767354596622273,7774,1,1
145,0.9718574108818018,0.028142589118198225,7773,3,1
146,0.9709818636647911,0.02901813633520889,7770,7,1
147,0.9698561601000631,0.030143839899936853,7763,9,1
148,0.9689806128830526,0.031019387116947406,7754,7,1
149,0.9688555347091939,0.031144465290806056,7747,1,1
150,0.9682301438399007,0.03176985616009931,7746,5,1
151,0.9678549093183247,0.03214509068167526,7741,3,1
152,0.9672295184490315,0.03277048155096851,7738,5,1
153,0.9664790494058796,0.03352095059412041,7733,6,1
154,0.9662288930581623,0.033771106941837714,7727,2,1
155,0.9654784240150103,0.03452157598498973,7725,6,1
156,0.964853033145717,0.03514696685428298,7719,5,1
157,0.964477798624141,0.03552220137585904,7714,3,1
158,0.9643527204502823,0.03564727954971769,7711,1,1
160,0.9639774859287064,0.03602251407129364,7710,3,1
161,0.9638524077548477,0.036147592245152294,7707,1,1
162,0.9634771732332718,0.036522826766728245,7706,3,1
163,0.9631019387116957,0.03689806128830431,7703,3,1
164,0.9628517823639784,0.03714821763602161,7700,2,1
165,0.9626016260162611,0.03739837398373891,7698,2,1
166,0.9623514696685438,0.03764853033145621,7696,2,1
167,0.9617260787992505,0.03827392120074946,7694,5,1
168,0.9612257661038159,0.03877423389618406,7689,4,1
169,0.9609756097560985,0.039024390243901474,7685,2,1
170,0.9606003752345225,0.03939962476547754,7683,3,1
171,0.9599749843652292,0.04002501563477079,7680,5,1
172,0.9595997498436533,0.04040025015634674,7675,3,1
173,0.959349593495936,0.04065040650406404,7672,2,1
174,0.9592245153220773,0.04077548467792269,7670,1,1
175,0.9587242026266426,0.041275797373357404,7669,4,1
176,0.958599124452784,0.041400875547216054,7665,1,1
177,0.9583489681050666,0.041651031894933355,7664,2,1
178,0.9579737335834907,0.042026266416509306,7662,3,1
179,0.957473420888056,0.04252657911194402,7659,4,1
180,0.956722951844904,0.04327704815509603,7655,6,1
181,0.9565978736710453,0.04340212632895468,7649,1,1
182,0.9562226391494694,0.04377736085053063,7648,3,1
183,0.9552220137586,0.04477798624139995,7645,8,1
184,0.9550969355847414,0.0449030644152586,7637,1,1
185,0.9547217010631653,0.04527829893683466,7636,3,1
186,0.9542213883677307,0.04577861163226926,7633,4,1
187,0.9538461538461547,0.046153846153845324,7629,3,1
188,0.953721075672296,0.046278924327703974,7626,1,1
189,0.9532207629768613,0.04677923702313869,7625,4,1
190,0.9528455284552853,0.04715447154471475,7621,3,1
191,0.9525953721075678,0.04740462789243216,7618,2,1
192,0.9523452157598505,0.04765478424014946,7616,2,1
193,0.9518449030644158,0.048155096935584174,7614,4,1
194,0.9515947467166985,0.048405253283301475,7610,2,1
195,0.9510944340212639,0.048905565978736076,7608,4,1
196,0.9504690431519707,0.04953095684802933,7604,5,1
197,0.950343964978112,0.04965603502188798,7599,1,1
198,0.9499687304565361,0.05003126954346393,7598,3,1
200,0.9493433395872428,0.05065666041275718,7595,5,1
201,0.9489681050656669,0.05103189493433313,7590,3,1
202,0.9485928705440908,0.051407129455909195,7587,3,1
204,0.9484677923702322,0.051532207629767846,7584,1,1
205,0.9482176360225149,0.051782363977485146,7583,2,1
206,0.9477173233270803,0.05228267667291975,7581,4,1
207,0.9472170106316457,0.05278298936835435,7577,4,1
208,0.946341463414635,0.05365853658536501,7573,7,1
210,0.9457160725453417,0.054283927454658265,7566,5,1
211,0.9455909943714831,0.054409005628516915,7561,1,1
212,0.9454659161976244,0.054534083802375566,7560,1,1
213,0.9453408380237658,0.054659161976234216,7559,1,1
214,0.9448405253283311,0.05515947467166893,7558,4,1
216,0.9443402126328965,0.05565978736710353,7554,4,1
218,0.9440900562851791,0.05590994371482094,7550,2,1
219,0.9434646654158858,0.056535334584114194,7548,5,1
220,0.9433395872420272,0.056660412757972844,7543,1,1
221,0.942338961851158,0.05766103814884205,7542,8,1
222,0.9420888055034407,0.05791119449655935,7534,2,1
223,0.9413383364602887,0.05866166353971125,7532,6,1
224,0.9412132582864301,0.0587867417135699,7526,1,1
225,0.9410881801125714,0.05891181988742855,7525,1,1
226,0.9407129455909955,0.0592870544090045,7524,3,1
227,0.9403377110694195,0.059662288930580454,7521,3,1
228,0.9399624765478436,0.060037523452156405,7518,3,1
229,0.939837398373985,0.060162601626015055,7515,1,1
230,0.9397123202001263,0.060287679799873706,7514,1,1
231,0.9393370856785502,0.06066291432144977,7513,3,1
232,0.9390869293308329,0.06091307066916707,7510,2,1
233,0.9389618511569743,0.06103814884302572,7508,1,1
234,0.9384615384615397,0.06153846153846032,7507,4,1
235,0.9380863039399637,0.06191369606003627,7503,3,1
236,0.9379612257661051,0.06203877423389492,7500,1,1
238,0.9377110694183878,0.06228893058161222,7499,2,1
239,0.9373358348968117,0.06266416510318829,7497,3,1
240,0.9370856785490944,0.06291432145090559,7494,2,1
243,0.9367104440275185,0.06328955597248154,7492,3,1
244,0.9360850531582251,0.0639149468417749,7489,5,1
246,0.9359599749843664,0.06404002501563355,7484,1,1
247,0.9357098186366491,0.06429018136335085,7483,2,1
248,0.9354596622889318,0.06454033771106815,7481,2,1
249,0.9348342714196386,0.0651657285803614,7479,5,1
250,0.93470919324578,0.06529080675422005,7474,1,1
252,0.9345841150719213,0.0654158849280787,7473,1,1
253,0.9342088805503453,0.06579111944965466,7472,3,1
254,0.9340838023764867,0.0659161976235133,7469,1,1
255,0.933583489681052,0.06641651031894802,7468,4,1
256,0.9330831769856173,0.06691682301438273,7464,4,1
257,0.9328330206378999,0.06716697936210014,7460,2,1
258,0.9323327079424651,0.06766729205753486,7458,4,1
259,0.9318323952470305,0.06816760475296946,7454,4,1
260,0.9313320825515958,0.06866791744840417,7450,4,1
261,0.9312070043777372,0.06879299562226282,7446,1,1
262,0.9309568480300199,0.06904315196998012,7445,2,1
263,0.9307066916823026,0.06929330831769742,7443,2,1
264,0.9300813008130092,0.06991869918699078,7441,5,1
265,0.9299562226391506,0.07004377736084944,7436,1,1
266,0.9298311444652918,0.0701688555347082,7435,1,1
267,0.9294559099437159,0.07054409005628415,7434,3,1
268,0.9292057535959986,0.07079424640400145,7431,2,1
269,0.9290806754221399,0.0709193245778601,7429,1,1
270,0.928705440900564,0.07129455909943605,7428,3,1
271,0.9285803627267053,0.0714196372732947,7425,1,1
272,0.928330206378988,0.071669793621012,7424,2,1
273,0.9280800500312706,0.07191994996872941,7422,2,1
275,0.9275797373358359,0.07242026266416413,7420,4,1
276,0.9270794246404012,0.07292057535959884,7416,4,1
277,0.9265791119449664,0.07342088805503355,7412,4,1
278,0.9262038774233905,0.0737961225766095,7408,3,1
279,0.9257035647279559,0.0742964352720441,7405,4,1
280,0.9255784865540972,0.07442151344590275,7401,1,1
281,0.9254534083802385,0.07454659161976152,7400,1,1
282,0.9252032520325212,0.07479674796747882,7399,2,1
283,0.9249530956848039,0.07504690431519612,7397,2,1
284,0.9243277048155106,0.07567229518448937,7395,5,1
285,0.9237023139462173,0.07629768605378273,7390,5,1
286,0.9232020012507827,0.07679799874921733,7385,4,1
287,0.922701688555348,0.07729831144465205,7381,4,1
288,0.9223264540337719,0.07767354596622811,7377,3,1
289,0.9219512195121959,0.07804878048780406,7374,3,1
290,0.9217010631644786,0.07829893683552136,7371,2,1
291,0.921200750469044,0.07879924953095596,7369,4,1
292,0.9208255159474681,0.07917448405253191,7365,3,1
293,0.9205753595997508,0.07942464040024921,7362,2,1
294,0.9203252032520335,0.07967479674796651,7360,2,1
295,0.9200750469043161,0.07992495309568393,7358,2,1
296,0.9189493433395881,0.08105065666041189,7356,9,1
297,0.9186991869918708,0.08130081300812919,7347,2,1
298,0.9185741088180122,0.08142589118198784,7345,1,1
299,0.9179487179487189,0.0820512820512811,7344,5,1
300,0.9178236397748603,0.08217636022513974,7339,1,1
301,0.917573483427143,0.08242651657285704,7338,2,1
302,0.9174484052532842,0.0825515947467158,7336,1,1
303,0.9171982489055669,0.08280175109443311,7335,2,1
304,0.9166979362101323,0.08330206378986771,7333,4,1
305,0.9161976235146976,0.08380237648530242,7329,4,1
306,0.9159474671669802,0.08405253283301983,7325,2,1
307,0.9156973108192628,0.08430268918073724,7323,2,1
308,0.9153220762976868,0.0846779237023132,7321,3,1
309,0.9144465290806761,0.08555347091932386,7318,7,1
310,0.9141963727329588,0.08580362726704116,7311,2,1
311,0.9138211382113828,0.08617886178861722,7309,3,1
312,0.9135709818636655,0.08642901813633452,7306,2,1
313,0.9134459036898068,0.08655409631019317,7304,1,1
314,0.9133208255159482,0.08667917448405182,7303,1,1
315,0.9131957473420895,0.08680425265791047,7302,1,1
316,0.9129455909943721,0.08705440900562789,7301,2,1
317,0.9126954346466548,0.08730456535334519,7299,2,1
318,0.9124452782989375,0.08755472170106249,7297,2,1
319,0.9121951219512202,0.08780487804877979,7295,2,1
320,0.9118198874296443,0.08818011257035574,7293,3,1
321,0.911569731081927,0.08843026891807304,7290,2,1
322,0.9114446529080683,0.08855534709193169,7288,1,1
323,0.9110694183864924,0.08893058161350764,7287,3,1
324,0.9106941838649163,0.0893058161350837,7284,3,1
325,0.9105691056910575,0.08943089430894247,7281,1,1
326,0.9104440275171989,0.08955597248280112,7280,1,1
327,0.9101938711694816,0.08980612883051842,7279,2,1
328,0.9099437148217643,0.09005628517823572,7277,2,1
329,0.909693558474047,0.09030644152595302,7275,2,1
331,0.908943089430895,0.09105691056910503,7273,6,1
332,0.908567854909319,0.09143214509068098,7267,3,1
333,0.9081926203877431,0.09180737961225693,7264,3,1
334,0.9080675422138844,0.09193245778611558,7261,1,1
335,0.9076923076923085,0.09230769230769154,7260,3,1
336,0.9071919949968739,0.09280800500312614,7257,4,1
337,0.9066916823014392,0.09330831769856085,7253,4,1
338,0.9061913696060044,0.09380863039399556,7249,4,1
339,0.9054409005628524,0.09455909943714758,7245,6,1
340,0.9049405878674178,0.09505941213258218,7239,4,1
341,0.9043151969981246,0.09568480300187543,7235,5,1
342,0.9041901188242659,0.09580988117573408,7230,1,1
343,0.9040650406504073,0.09593495934959273,7229,1,1
344,0.90381488430269,0.09618511569731003,7228,2,1
345,0.9033145716072553,0.09668542839274474,7226,4,1
346,0.903064415259538,0.09693558474046204,7222,2,1
347,0.9025641025641034,0.09743589743589665,7220,4,1
348,0.9024390243902447,0.0975609756097553,7216,1,1
349,0.90193871169481,0.09806128830519001,7215,4,1
350,0.9014383989993754,0.09856160100062461,7211,4,1
351,0.9011882426516581,0.09881175734834191,7207,2,1
352,0.9006879299562235,0.09931207004377651,7205,4,1
353,0.9001876172607889,0.09981238273921111,7201,4,1
354,0.8999374609130716,0.10006253908692841,7197,2,1
355,0.8991869918699197,0.10081300813008032,7195,6,1
356,0.8985616010006263,0.10143839899937368,7189,5,1
357,0.8981863664790504,0.10181363352094963,7184,3,1
359,0.897560975609757,0.102439024390243,7181,5,1
360,0.8969355847404636,0.10306441525953636,7176,5,1
361,0.8966854283927463,0.10331457160725366,7171,2,1
362,0.896435272045029,0.10356472795497096,7169,2,1
363,0.8961851156973117,0.10381488430268826,7167,2,1
364,0.8948092557848665,0.10519074421513352,7165,11,1
365,0.8945590994371492,0.10544090056285083,7154,2,1
0,1.0,0.0,31450,0,2
2,0.9999682034976153,3.179650238471776e-05,31450,1,2
3,0.9999046104928457,9.538950715426431e-05,31449,2,2
5,0.9998410174880762,0.00015898251192381085,31447,2,2
7,0.9998092209856915,0.00019077901430852862,31445,1,2
8,0.9996820349761525,0.0003179650238475107,31444,4,2
10,0.999618441971383,0.0003815580286169462,31440,2,2
12,0.9995866454689983,0.00041335453100166397,31438,1,2
13,0.9995230524642288,0.0004769475357712105,31437,2,2
15,0.9994912559618441,0.0005087440381559283,31435,1,2
16,0.9993640699523052,0.0006359300476947993,31434,4,2
17,0.9993004769475358,0.0006995230524642349,31430,2,2
18,0.999268680445151,0.0007313195548489526,31428,1,2
19,0.9992368839427662,0.0007631160572337814,31427,1,2
20,0.9992050874403814,0.0007949125596186102,31426,1,2
21,0.9991096979332271,0.0008903020667728745,31425,3,2
22,0.9989507154213034,0.0010492845786965743,31422,5,2
23,0.9989189189189187,0.001081081081081292,31417,1,2
24,0.9988553259141493,0.0011446740858507276,31416,2,2
25,0.9986963434022256,0.0013036565977744274,31414,5,2
26,0.9986327503974561,0.001367249602543863,31409,2,2
27,0.9985373608903019,0.0014626391096981273,31407,3,2
28,0.9983147853736087,0.0016852146263912626,31404,7,2
29,0.9982511923688393,0.0017488076311606982,31397,2,2
30,0.998155802861685,0.0018441971383149625,31395,3,2
31,0.998028616852146,0.0019713831478539445,31392,4,2
32,0.9979332273449919,0.002066772655008098,31388,3,2
33,0.9977424483306835,0.0022575516693165154,31385,6,2
34,0.997678855325914,0.002321144674085951,31379,2,2
35,0.9973608903020666,0.0026391096979333506,31377,10,2
36,0.9972972972972972,0.002702702702702786,31367,2,2
37,0.9970747217806041,0.0029252782193959215,31365,7,2
38,0.9970111287758346,0.002988871224165357,31358,2,2
39,0.9969793322734499,0.0030206677265500748,31356,1,2
40,0.9968521462639109,0.003147853736089057,31355,4,2
41,0.9967885532591415,0.0032114467408584924,31351,2,2
42,0.9966931637519874,0.0033068362480126456,31349,3,2
44,0.9964387917329095,0.0035612082670904988,31346,8,2
45,0.9963116057233706,0.00368839427662937,31338,4,2
46,0.9960890302066775,0.003910969793322505,31334,7,2
47,0.9959936406995232,0.0040063593004767695,31327,3,2
48,0.9959618441971385,0.004038155802861487,31324,1,2
49,0.9958028616852148,0.004197138314785187,31323,5,2
50,0.9955802861685217,0.004419713831478322,31318,7,2
51,0.995548489666137,0.00445151033386304,31311,1,2
52,0.9954213036565981,0.004578696343401911,31310,4,2
53,0.9951987281399048,0.004801271860095158,31306,7,2
54,0.9951033386327506,0.004896661367249422,31299,3,2
55,0.9949761526232116,0.005023847376788404,31296,4,2
56,0.9947535771065185,0.005246422893481539,31292,7,2
57,0.9946263910969796,0.00537360890302041,31285,4,2
58,0.9944992050874407,0.0055007949125592814,31281,4,2
59,0.9944356120826712,0.005564387917328828,31277,2,2
60,0.9942766295707475,0.005723370429252528,31275,5,2
61,0.994213036565978,0.005786963434021963,31270,2,2
62,0.9939904610492849,0.006009538950715099,31268,7,2
63,0.993736089030207,0.006263910969792952,31261,8,2
64,0.9936406995230528,0.006359300476947216,31253,3,2
65,0.9935771065182833,0.006422893481716652,31250,2,2
66,0.9935453100158986,0.006454689984101369,31248,1,2
68,0.9933863275039749,0.006613672496025069,31247,5,2
69,0.9931955484896665,0.006804451510333487,31242,6,2
70,0.9928775834658192,0.0071224165341807755,31236,10,2
71,0.9927186009538955,0.007281399046104475,31226,5,2
72,0.9924006359300482,0.007599364069951764,31221,10,2
73,0.9922734499205094,0.007726550079490635,31211,4,2
74,0.9922098569157399,0.0077901430842600705,31207,2,2
75,0.9919554848966621,0.008044515103337924,31205,8,2
76,0.9915103338632757,0.008489666136724305,31197,14,2
77,0.9913195548489673,0.008680445151032723,31183,6,2
78,0.9910333863275047,0.008966613672495294,31177,9,2
79,0.990874403815581,0.009125596184418994,31168,5,2
80,0.9908108108108116,0.00918918918918843,31163,2,2
81,0.990747217806042,0.009252782193957976,31161,2,2
82,0.990620031796503,0.009379968203496958,31159,4,2
83,0.9904928457869641,0.00950715421303594,31155,4,2
84,0.9902702702702709,0.009729729729729075,31151,7,2
85,0.9901112877583472,0.009888712241652775,31144,5,2
86,0.9900158982511931,0.009984101748806928,31139,3,2
87,0.9898251192368847,0.010174880763115346,31136,6,2
88,0.9896979332273457,0.010302066772654328,31130,4,2
89,0.9896025437201915,0.010397456279808481,31126,3,2
90,0.9893481717011136,0.010651828298886445,31123,8,2
91,0.9891255961844203,0.010874403815579692,31115,7,2
92,0.9889666136724966,0.011033386327503392,31108,5,2
93,0.9888076311605729,0.011192368839427091,31103,5,2
94,0.9886486486486492,0.011351351351350791,31098,5,2
95,0.9885850556438797,0.011414944356120338,31093,2,2
96,0.9884578696343407,0.01154213036565932,31091,4,2
97,0.9883624801271864,0.011637519872813584,31087,3,2
98,0.9881081081081085,0.011891891891891548,31084,8,2
99,0.9880763116057237,0.011923688394276266,31076,1,2
100,0.9880127186009543,0.011987281399045702,31075,2,2
101,0.9878537360890306,0.012146263910969402,31073,5,2
102,0.9876947535771069,0.012305246422893101,31068,5,2
103,0.9875039745627985,0.012496025437201519,31063,6,2
104,0.9874403815580289,0.012559618441971065,31057,2,2
105,0.9872178060413357,0.012782193958664312,31055,7,2
106,0.9869952305246424,0.013004769475357558,31048,7,2
107,0.9868680445151035,0.01313195548489654,31041,4,2
108,0.9866454689984103,0.013354531001589676,31037,7,2
109,0.9866136724960256,0.013386327503974393,31030,1,2
110,0.9864546899841019,0.013545310015898093,31029,5,2
111,0.9862957074721782,0.013704292527821793,31024,5,2
112,0.9860413354531004,0.013958664546899646,31019,8,2
113,0.9857551669316378,0.014244833068362217,31011,9,2
114,0.9856279809220988,0.0143720190779012,31002,4,2
115,0.9855325914149446,0.014467408585055352,30998,3,2
116,0.9853418124006362,0.01465818759936377,30995,6,2
117,0.9851192368839431,0.014880763116056905,30989,7,2
118,0.9850238473767889,0.014976152623211059,30982,3,2
119,0.9847694753577111,0.015230524642288912,30979,8,2
120,0.9845151033386332,0.015484896661366765,30971,8,2
121,0.984419713831479,0.01558028616852103,30963,3,2
123,0.9843243243243248,0.015675675675675182,30960,3,2
124,0.9841335453100163,0.01586645468998371,30957,6,2
125,0.9839109697933232,0.016089030206676846,30951,7,2
126,0.9836565977742453,0.0163434022257547,30944,8,2
127,0.983561208267091,0.016438791732908964,30936,3,2
128,0.983434022257552,0.016565977742447946,30933,4,2
129,0.9832432432432436,0.016756756756756364,30929,6,2
130,0.9830842607313199,0.016915739268680063,30923,5,2
131,0.9828934817170115,0.01710651828298848,30918,6,2
132,0.9827980922098573,0.017201907790142745,30912,3,2
133,0.9825119236883946,0.017488076311605427,30909,9,2
134,0.9823211446740862,0.017678855325913845,30900,6,2
135,0.9820031796502389,0.017996820349761133,30894,10,2
136,0.9816852146263916,0.018314785373608422,30884,10,2
137,0.9815580286168527,0.018441971383147293,30874,4,2
138,0.9814308426073138,0.018569157392686164,30870,4,2
139,0.9810174880763123,0.018982511923687717,30866,13,2
140,0.9806359300476954,0.019364069952304552,30853,12,2
141,0.9805405405405413,0.019459459459458706,30841,3,2
142,0.9803497615262329,0.019650238473767123,30838,6,2
143,0.9801271860095397,0.01987281399046026,30832,7,2
144,0.9800000000000008,0.01999999999999924,30825,4,2
145,0.9797774244833075,0.020222575516692487,30821,7,2
146,0.9795866454689991,0.020413354531000905,30814,6,2
147,0.9794276629570754,0.020572337042924604,30808,5,2
148,0.9792686804451517,0.020731319554848304,30803,5,2
149,0.9790779014308433,0.020922098569156722,30798,6,2
150,0.9789507154213044,0.021049284578695593,30792,4,2
151,0.9788871224165349,0.02111287758346514,30788,2,2
152,0.9788235294117654,0.021176470588234575,30786,2,2
153,0.978378378378379,0.021621621621620957,30784,14,2
154,0.9779968203497622,0.022003179650237792,30770,12,2
155,0.9776470588235301,0.02235294117646991,30758,11,2
156,0.9774880763116064,0.02251192368839361,30747,5,2
157,0.9772019077901437,0.02279809220985629,30742,9,2
158,0.97704292527822,0.02295707472177999,30733,5,2
159,0.976915739268681,0.023084260731318973,30728,4,2
160,0.9766931637519879,0.02330683624801211,30724,7,2
161,0.9765023847376795,0.023497615262320526,30717,6,2
162,0.9762798092209862,0.023720190779013772,30711,7,2
163,0.9758664546899846,0.024133545310015436,30704,13,2
164,0.9757710651828304,0.02422893481716959,30691,3,2
165,0.9755484896661373,0.024451510333862725,30688,7,2
166,0.9754213036565983,0.024578696343401707,30681,4,2
167,0.9751351351351356,0.02486486486486439,30677,9,2
168,0.9749125596184425,0.025087440381557524,30668,7,2
169,0.9746899841017492,0.02531001589825077,30661,7,2
170,0.9745310015898255,0.02546899841017447,30654,5,2
171,0.9742766295707477,0.025723370429252324,30649,8,2
172,0.9738632750397461,0.026136724960253876,30641,13,2
173,0.9735453100158988,0.026454689984101165,30628,10,2
174,0.9732909379968209,0.02670906200317913,30618,8,2
175,0.973036565977743,0.026963434022256982,30610,8,2
176,0.9728139904610498,0.02718600953895023,30602,7,2
177,0.9724324324324329,0.027567567567567064,30595,12,2
178,0.9722416534181245,0.02775834658187548,30583,6,2
180,0.9719236883942771,0.02807631160572288,30577,10,2
181,0.9716375198728145,0.028362480127185452,30567,9,2
182,0.971224165341813,0.028775834658187005,30558,13,2
183,0.9711605723370436,0.02883942766295644,30545,2,2
184,0.9709697933227351,0.029030206677264858,30543,6,2
185,0.9707790143084267,0.029220985691573276,30537,6,2
186,0.9705564387917336,0.02944356120826641,30531,7,2
187,0.9703020667726557,0.029697933227344264,30524,8,2
188,0.9698887122416541,0.030111287758345928,30516,13,2
189,0.9693799682034983,0.030620031796501745,30503,16,2
190,0.9691891891891898,0.030810810810810163,30487,6,2
191,0.9690937996820357,0.030906200317964316,30481,3,2
192,0.9689666136724967,0.0310333863275033,30478,4,2
193,0.9687758346581882,0.031224165341811827,30474,6,2
194,0.9684578696343408,0.03154213036565923,30468,10,2
195,0.9681717011128781,0.03182829888712191,30458,9,2
196,0.9677901430842613,0.032209856915738744,30449,12,2
197,0.9675357710651834,0.0324642289348166,30437,8,2
198,0.967344992050875,0.032655007949125014,30429,6,2
199,0.9671224165341819,0.03287758346581815,30423,7,2
200,0.9668998410174886,0.033100158982511396,30416,7,2
201,0.9665818759936412,0.033418124006358796,30409,10,2
202,0.9663275039745634,0.03367249602543665,30399,8,2
203,0.9660731319554854,0.03392686804451461,30391,8,2
204,0.9658187599364074,0.03418124006359258,30383,8,2
205,0.9655961844197143,0.03440381558028571,30375,7,2
206,0.96550079491256,0.03449920508743998,30368,3,2
207,0.9652782193958669,0.03472178060413311,30365,7,2
208,0.9649602543720195,0.03503974562798051,30358,10,2
209,0.9645468998410179,0.035453100158982065,30348,13,2
210,0.9641971383147859,0.03580286168521407,30335,11,2
211,0.9638791732909385,0.03612082670906147,30324,10,2
212,0.9636883942766301,0.03631160572336989,30314,6,2
213,0.9634340222575523,0.03656597774244774,30308,8,2
214,0.9632750397456286,0.03672496025437144,30300,5,2
215,0.9629252782193964,0.03707472178060356,30295,11,2
216,0.9627980922098575,0.03720190779014254,30284,4,2
217,0.9624483306836253,0.03755166931637466,30280,11,2
218,0.9622893481717016,0.03771065182829836,30269,5,2
219,0.9621303656597779,0.03786963434022206,30264,5,2
220,0.9619395866454695,0.038060413354530476,30259,6,2
221,0.9618759936407,0.03812400635930002,30253,2,2
222,0.961748807631161,0.038251192368839004,30251,4,2
223,0.9615580286168525,0.03844197138314753,30247,6,2
224,0.9611128775834661,0.038887122416533915,30241,14,2
225,0.9607949125596188,0.0392050874403812,30227,10,2
226,0.9606677265500798,0.039332273449920185,30217,4,2
227,0.9601907790143088,0.039809220985691174,30213,15,2
228,0.9601589825119241,0.03984101748807589,30198,1,2
229,0.9600000000000004,0.03999999999999959,30197,5,2
230,0.9596502384737683,0.04034976152623171,30192,11,2
231,0.9593004769475362,0.040699523052463826,30181,11,2
232,0.9591096979332278,0.040890302066772244,30170,6,2
233,0.9587917329093804,0.041208267090619644,30164,10,2
234,0.9586963434022262,0.0413036565977738,30154,3,2
235,0.9584737678855331,0.04152623211446693,30151,7,2
236,0.9582193958664552,0.041780604133544785,30144,8,2
237,0.9580286168521468,0.0419713831478532,30136,6,2
238,0.9579014308426078,0.042098569157392185,30130,4,2
239,0.9577106518282994,0.0422893481717006,30126,6,2
240,0.9575834658187604,0.042416534181239585,30120,4,2
241,0.9574562798092214,0.04254372019077857,30116,4,2
242,0.9572019077901436,0.04279809220985642,30112,8,2
243,0.9568521462639115,0.04314785373608854,30104,11,2
244,0.9567885532591419,0.043211446740858084,30093,2,2
245,0.9565977742448335,0.0434022257551665,30091,6,2
246,0.9565023847376793,0.043497615262320655,30085,3,2
247,0.9563751987281404,0.04362480127185964,30082,4,2
248,0.9562162162162167,0.04378378378378334,30078,5,2
249,0.956057233704293,0.043942766295707036,30073,5,2
250,0.9558028616852151,0.04419713831478489,30068,8,2
251,0.9554848966613677,0.04451510333863229,30060,10,2
252,0.9551033386327509,0.044896661367249124,30050,12,2
253,0.9549761526232119,0.045023847376788106,30038,4,2
254,0.9546899841017492,0.04531001589825079,30034,9,2
255,0.9544992050874408,0.045500794912559206,30025,6,2
256,0.9544674085850561,0.045532591414943924,30019,1,2
257,0.9542130365659782,0.04578696343402178,30018,8,2
258,0.9539268680445155,0.04607313195548446,30010,9,2
259,0.9538314785373614,0.04616852146263861,30001,3,2
260,0.9535771065182834,0.046422893481716576,29998,8,2
261,0.9531637519872819,0.04683624801271813,29990,13,2
262,0.9530047694753582,0.04699523052464183,29977,5,2
263,0.952782193958665,0.047217806041334964,29972,7,2
264,0.9525914149443566,0.04740858505564338,29965,6,2
265,0.9524960254372025,0.047503974562797535,29959,3,2
266,0.9520190779014314,0.047980922098568635,29956,15,2
267,0.9516057233704298,0.04839427662957019,29941,13,2
268,0.9514785373608908,0.04852146263910917,29928,4,2
269,0.9513195548489671,0.04868044515103287,29924,5,2
270,0.9511923688394281,0.04880763116057185,29919,4,2
271,0.9510015898251196,0.04899841017488038,29915,6,2
272,0.9507790143084265,0.049220985691573516,29909,7,2
273,0.9503974562798096,0.04960254372019035,29902,12,2
274,0.9500794912559622,0.04992050874403775,29890,10,2
275,0.9499841017488081,0.050015898251191904,29880,3,2
276,0.949761526232115,0.05023847376788504,29877,7,2
277,0.9494117647058828,0.050588235294117156,29870,11,2
278,0.9490937996820356,0.050906200317964445,29859,10,2
279,0.948807631160573,0.051192368839427016,29849,9,2
280,0.9484260731319561,0.05157392686804385,29840,12,2
281,0.9480445151033393,0.051955484896660686,29828,12,2
282,0.9477901430842615,0.05220985691573854,29816,8,2
283,0.9474403815580293,0.05255961844197066,29808,11,2
284,0.9471542130365668,0.05284578696343323,29797,9,2
285,0.9469634340222584,0.053036565977741645,29788,6,2
286,0.9465500794912567,0.05344992050874331,29782,13,2
287,0.9460413354531009,0.05395866454689913,29769,16,2
288,0.9457869634340229,0.05421303656597709,29753,8,2
289,0.9454372019077908,0.05456279809220921,29745,11,2
290,0.9452782193958672,0.0547217806041328,29734,5,2
291,0.9448648648648657,0.05513513513513435,29729,13,2
292,0.9445468998410183,0.05545310015898175,29716,10,2
293,0.9442289348171709,0.05577106518282915,29706,10,2
294,0.9438791732909387,0.05612082670906127,29696,11,2
295,0.943720190779015,0.056279809220984967,29685,5,2
296,0.9434976152623219,0.0565023847376781,29680,7,2
297,0.943243243243244,0.056756756756755955,29673,8,2
298,0.9429570747217815,0.057042925278218526,29665,9,2
299,0.9427662957074731,0.05723370429252694,29656,6,2
300,0.9425755166931646,0.05742448330683536,29650,6,2
301,0.9423211446740868,0.057678855325913214,29644,8,2
302,0.9420349761526241,0.057965023847375896,29636,9,2
303,0.9419077901430851,0.05809220985691488,29627,4,2
304,0.9416534181240073,0.05834658187599273,29623,8,2
305,0.9414308426073141,0.05856915739268587,29615,7,2
306,0.9413036565977753,0.05869634340222474,29608,4,2
307,0.9412082670906211,0.05879173290937889,29604,3,2
308,0.9409538950715433,0.059046104928456744,29601,8,2
309,0.940381558028618,0.059618441971382,29593,18,2
310,0.9400953895071553,0.05990461049284468,29575,9,2
311,0.9399682034976163,0.06003179650238366,29566,4,2
312,0.9398092209856926,0.06019077901430736,29562,5,2
313,0.9396502384737689,0.06034976152623106,29557,5,2
314,0.9393640699523064,0.06063593004769363,29552,9,2
315,0.9392050874403827,0.06079491255961733,29543,5,2
316,0.9388553259141506,0.06114467408584945,29538,11,2
317,0.9384419713831489,0.06155802861685111,29527,13,2
318,0.9381240063593015,0.06187599364069851,29514,10,2
319,0.9377106518282998,0.062289348171700176,29504,13,2
320,0.9372972972972983,0.06270270270270173,29491,13,2
321,0.9369157392686814,0.06308426073131856,29478,12,2
322,0.9366613672496036,0.06333863275039642,29466,8,2
323,0.936375198728141,0.06362480127185899,29458,9,2
324,0.9360890302066783,0.06391096979332167,29449,9,2
325,0.9358028616852158,0.06419713831478424,29440,9,2
326,0.9352941176470599,0.06470588235294006,29431,16,2
327,0.9350715421303668,0.0649284578696332,29415,7,2
328,0.9348489666136736,0.06515103338632644,29408,7,2
329,0.934435612082672,0.065564387917328,29401,13,2
330,0.9341176470588246,0.06588235294117539,29388,10,2
331,0.9337678855325925,0.06623211446740751,29378,11,2
332,0.9332591414944368,0.06674085850556322,29367,16,2
333,0.9329093799682047,0.06709062003179533,29351,11,2
334,0.9326868044515115,0.06731319554848847,29340,7,2
335,0.9323688394276642,0.06763116057233576,29333,10,2
336,0.9320190779014321,0.06798092209856788,29323,11,2
337,0.9317329093799694,0.06826709062003056,29312,9,2
338,0.9313513513513525,0.0686486486486475,29303,12,2
339,0.9308744038155814,0.0691255961844186,29291,15,2
340,0.9305882352941187,0.06941176470588128,29276,9,2
341,0.930174880763117,0.06982511923688295,29267,13,2
342,0.9295707472178071,0.07042925278219292,29254,19,2
343,0.9289984101748817,0.07100158982511828,29235,18,2
344,0.9286486486486496,0.0713513513513504,29217,11,2
345,0.9283942766295717,0.07160572337042825,29206,8,2
346,0.9280445151033396,0.07195548489666037,29198,11,2
347,0.9275039745627991,0.0724960254372009,29187,17,2
348,0.927154213036567,0.07284578696343302,29170,11,2
349,0.9264546899841027,0.07354531001589726,29159,22,2
350,0.9258823529411775,0.07411764705882251,29137,18,2
351,0.9254372019077911,0.07456279809220889,29119,14,2
352,0.9249284578696353,0.07507154213036471,29105,16,2
353,0.92435612082671,0.07564387917328996,29089,18,2
354,0.9237837837837848,0.07621621621621522,29071,18,2
355,0.9234976152623221,0.0765023847376779,29053,9,2
356,0.9229888712241663,0.07701112877583371,29044,16,2
357,0.9222257551669326,0.07777424483306739,29028,24,2
358,0.9216534181240074,0.07834658187599264,29004,18,2
359,0.9212718600953905,0.07872813990460947,28986,12,2
360,0.92073131955485,0.07926868044515001,28974,17,2
361,0.9203497615262332,0.07965023847376684,28957,12,2
362,0.9195548489666147,0.08044515103338534,28945,25,2
363,0.9187281399046114,0.08127186009538856,28920,26,2
364,0.9177742448330694,0.08222575516693065,28894,30,2
365,0.916852146263912,0.08314785373608802,28864,29,2
